rank,lemma,part_of_speech
1,de,prep
2,le,det
3,et,conj
4,à,prep
5,être,v
6,en,prep
7,un,det
8,avoir,v
9,pas,adv
10,il,pron
11,pour,prep
12,dans,prep
13,je,pron
14,qui,pron
15,ce,det
16,sur,prep
17,qu,conj
18,par,prep
19,ne,adv
20,plus,adv
21,avec,prep
22,mais,conj
23,se,pron
24,vous,pron
25,cela,pron
26,lui,pron
27,son,det
28,y,pron
29,ou,conj
30,si,conj
31,tout,adv
32,faire,v
33,nous,pron
34,comme,prep
35,bien,adv
36,même,adv
37,me,pron
38,mon,det
39,luire,pron
40,aussi,adv
41,pouvoir,v
42,deux,num
43,moi,pron
44,quand,conj
45,après,prep
46,très,adv
47,sans,prep
48,où,pron
49,aller,v
50,encore,adv
51,alors,adv
52,entrer,prep
53,temps,n
54,an,n
55,autre,adj
56,dire,v
57,peu,adv
58,france,n
59,rien,pron
60,monde,n
61,te,pron
62,fois,n
63,falloir,v
64,toujours,adv
65,voir,v
66,bon,adj
67,contre,prep
68,votre,det
69,avant,prep
70,depuis,prep
71,donc,adv
72,notre,det
73,sou,prep
74,jamais,adv
75,vie,n
76,moins,adv
77,dont,pron
78,toi,det
79,déjà,adv
80,quoi,pron
81,trop,adv
82,leur,det
83,ton,n
84,chez,prep
85,gens,n
86,juste,adv
87,oui,n
88,vraiment,adv
89,ainsi,adv
90,grand,adj
91,pays,n
92,français,adj
93,beaucoup,adv
94,jour,n
95,quelque,det
96,comment,adv
97,premier,adj
98,parce,conj
99,personn,adj
100,celer,pron
101,trois,num
102,homme,n
103,ici,adv
104,pari,n
105,cas,n
106,chose,n
107,devoir,v
108,partie,n
109,car,conj
110,mal,adv
111,fin,n
112,mieux,adv
113,pendant,prep
114,petit,adj
115,année,n
116,celui,pron
117,moment,n
118,place,n
119,plusieurs,det
120,pourquoi,adv
121,ville,n
122,mois,n
123,vers,prep
124,histoire,n
125,mort,n
126,savoir,adj
127,nouveau,adj
128,part,n
129,travail,n
130,aujourd'hui,adv
131,compte,n
132,merci,n
133,prendre,v
134,vouloir,v
135,état,n
136,cours,n
137,peux,adj
138,politique,adj
139,reste,v
140,veux,adj
141,chaque,det
142,personne,n
143,femme,n
144,nom,n
145,prix,n
146,également,adv
147,point,n
148,seul,adj
149,vai,n
150,lieu,n
151,lors,adv
152,vrai,num
153,droit,n
154,selon,prep
155,coup,v
156,mettre,v
157,pense,n
158,tant,adv
159,groupe,n
160,maintenant,adv
161,maison,n
162,saint,n
163,tête,n
164,aime,n
165,enfant,n
166,famille,n
167,parler,v
168,suite,n
169,assez,adv
170,besoin,n
171,demande,v
172,genr,adj
173,société,n
174,trouve,n
175,côté,n
176,passer,v
177,question,n
178,raison,n
179,sens,n
180,ailleurs,adv
181,certain,pron
182,devant,prep
183,jeu,n
184,soir,n
185,souvent,adv
186,effet,n
187,général,adj
188,jean,n
189,jusque,prep
190,partir,v
191,surtout,adv
192,équipe,n
193,dernier,adj
194,enfin,adv
195,nombre,n
196,parl,adj
197,porte,v
198,seulement,adv
199,eau,n
200,ensemble,n
201,mère,n
202,près,adv
203,quel,det
204,aucun,det
205,loi,n
206,parti,n
207,père,adj
208,rapport,n
209,dès,prep
210,trouver,v
211,autant,adv
212,face,n
213,fille,n
214,gouvernement,n
215,gros,adj
216,guerre,n
217,niveau,n
218,quatre,num
219,semaine,n
220,service,n
221,accord,n
222,article,n
223,donne,v
224,donner,v
225,ligne,n
226,problème,v
227,président,n
228,venir,v
229,cause,n
230,croire,v
231,dieu,n
232,début,n
233,exemple,n
234,fils,n
235,jeune,adj
236,système,n
237,air,n
238,bas,adj
239,centre,n
240,façon,n
241,heure,n
242,loin,adv
243,possible,adj
244,projet,n
245,conseil,n
246,idée,n
247,notamment,adv
248,nuit,n
249,étai,adj
250,argent,n
251,tour,n
252,vue,n
253,dessus,n
254,film,n
255,meilleur,adj
256,corps,n
257,ensuite,adv
258,forme,n
259,haut,adj
260,plutôt,adv
261,arriver,v
262,chef,n
263,europe,n
264,fort,adv
265,public,adj
266,tard,adv
267,main,n
268,terre,n
269,titre,n
270,matin,n
271,mise,n
272,plan,n
273,saison,n
274,type,n
275,afin,adv
276,aide,v
277,bel,adj
278,choix,n
279,long,adj
280,minute,n
281,retour,n
282,situation,n
283,somme,n
284,vite,adv
285,oeil,n
286,amour,n
287,base,n
288,journée,n
289,nord,n
290,grâce,n
291,moyen,adj
292,ordre,n
293,école,n
294,cinq,num
295,manière,n
296,mars,n
297,pierre,n
298,québec,adj
299,sembler,v
300,sujet,n
301,truc,n
302,agir,v
303,ministre,n
304,parfois,adv
305,quell,adj
306,rue,n
307,sud,n
308,super,v
309,sûr,adj
310,unir,adv
311,vidéo,n
312,ami,n
313,art,det
314,beau,n
315,compris,adj
316,gauche,n
317,livre,n
318,musiqu,adj
319,région,n
320,entreprise,n
321,longtemps,adv
322,match,n
323,permettre,v
324,simple,adj
325,voilà,v
326,voit,n
327,chambre,n
328,deuxième,adj
329,importer,v
330,juin,n
331,lorsque,conj
332,mai,n
333,peur,n
334,plein,adj
335,police,n
336,septembre,n
337,sécurité,n
338,série,n
339,ancien,adj
340,anglais,adj
341,important,adj
342,jouer,v
343,membre,n
344,merde,n
345,parmi,prep
346,peine,n
347,presque,adv
348,tellement,adv
349,époque,n
350,doute,n
351,force,n
352,lire,v
353,marché,n
354,mot,n
355,recherche,n
356,santé,n
357,train,n
358,voix,n
359,écrire,v
360,affaire,n
361,autour,adv
362,avis,n
363,cependant,adv
364,développement,n
365,fait,adj
366,hier,adv
367,juillet,n
368,million,n
369,national,adj
370,nombreux,adj
371,parent,n
372,propre,adj
373,rendre,v
374,vivre,v
375,droite,n
376,environ,adv
377,fond,n
378,mec,n
379,mesure,n
380,ouai,n
381,pourtant,adv
382,abord,adv
383,envie,n
384,gars,n
385,lequel,pron
386,octobre,n
387,siècle,n
388,sortir,v
389,terme,n
390,vien,n
391,voiture,n
392,avril,n
393,françois,n
394,frère,adj
395,janvier,n
396,population,n
397,roi,n
398,action,n
399,club,n
400,culture,n
401,cœur,n
402,difficile,adj
403,exister,v
404,laisse,v
405,malgré,prep
406,milieu,n
407,produit,n
408,programme,n
409,propos,n
410,route,n
411,derrière,prep
412,direction,n
413,emploi,n
414,feu,n
415,marche,n
416,période,n
417,tel,adj
418,âge,n
419,armé,adj
420,bois,n
421,chance,n
422,confiance,n
423,date,n
424,dix,num
425,décembre,n
426,laisser,v
427,manqu,adj
428,mode,n
429,novembre,n
430,plaisir,n
431,rencontre,n
432,résultat,n
433,six,num
434,août,n
435,aurai,adj
436,blanc,adj
437,canader,v
438,classe,n
439,commence,n
440,comprendre,v
441,demain,adv
442,demander,v
443,formation,n
444,liste,n
445,photo,n
446,rôle,n
447,attention,n
448,bout,adv
449,condition,n
450,esprit,v
451,espèr,adj
452,garde,n
453,internet,n
454,intérieur,n
455,intérêt,n
456,mouvement,n
457,noir,adj
458,origine,n
459,présent,adj
460,regarder,v
461,rouge,n
462,auteur,n
463,bonjour,adv
464,février,n
465,justice,n
466,langue,n
467,occasion,n
468,offrir,v
469,perdu,n
470,qualité,n
471,risque,n
472,scène,n
473,sinon,adv
474,traval,adj
475,voici,v
476,appeler,v
477,cadre,v
478,changer,v
479,libre,adj
480,production,n
481,vieux,adj
482,connai,adj
483,facile,pron
484,image,n
485,lien,n
486,mer,v
487,pire,adj
488,rester,v
489,sauf,prep
490,source,n
491,troisième,adj
492,aider,v
493,campagne,n
494,coupe,n
495,cour,n
496,durer,prep
497,objet,adj
498,partout,adv
499,plupart,n
500,second,adj
501,valeur,n
502,étude,n
503,chacun,pron
504,cher,adj
505,devenir,v
506,donnée,n
507,etat,n
508,hein,n
509,hors,prep
510,joue,v
511,montre,n
512,particulier,adj
513,penser,v
514,poste,v
515,réponse,n
516,réseau,n
517,salle,n
518,texte,n
519,appel,n
520,celle,n
521,contrôle,n
522,message,n
523,position,n
524,république,n
525,succès,n
526,économique,adj
527,activité,n
528,américain,adj
529,association,n
530,carte,n
531,chercher,v
532,connaître,v
533,création,n
534,euro,n
535,expérience,n
536,fonction,n
537,impression,n
538,louis,n
539,nature,n
540,putain,adj
541,simplement,adv
542,travers,n
543,allemagn,adj
544,annonce,n
545,arrêter,v
546,bientôt,adv
547,chemin,n
548,demi,n
549,différent,adj
550,directeur,n
551,espace,pron
552,liberté,n
553,mariage,n
554,organisation,n
555,passage,n
556,présence,n
557,sein,n
558,sort,n
559,zone,n
560,économie,n
561,bureau,n
562,compagnie,n
563,entrée,n
564,moyenne,n
565,pied,adj
566,presse,n
567,prise,n
568,réalité,n
569,social,n
570,université,n
571,utiliser,v
572,œuvre,v
573,accès,n
574,commission,n
575,différents,det
576,dimanche,n
577,départ,n
578,lit,n
579,marie,n
580,mauvais,adj
581,numéro,n
582,puisque,conj
583,soleil,n
584,taux,n
585,travailler,v
586,voie,n
587,acheter,v
588,afrique,n
589,attendre,v
590,bras,n
591,charge,n
592,ex,adv
593,finalement,adv
594,finir,v
595,haute,n
596,manger,v
597,marqu,adj
598,perdre,v
599,pièce,adj
600,pratique,n
601,victoire,n
602,vérité,n
603,ben,adv
604,cherche,n
605,communauté,n
606,domaine,n
607,monsieur,n
608,payer,v
609,peuple,n
610,proche,adj
611,publier,v
612,quant,adv
613,recevoir,v
614,répondre,v
615,suivre,v
616,administration,n
617,auprès,adv
618,entendre,v
619,gagner,v
620,honneur,n
621,journal,n
622,matière,n
623,ouest,adj
624,rapidement,adv
625,retrouver,v
626,sept,num
627,soirée,n
628,sol,det
629,sport,n
630,téléphone,n
631,version,n
632,arme,n
633,arrivée,n
634,coeur,n
635,construction,n
636,double,adj
637,information,n
638,midi,v
639,mission,n
640,moitié,n
641,page,n
642,particulièrement,adv
643,prochain,adj
644,prêt,n
645,technique,adj
646,union,n
647,voyage,n
648,énergie,n
649,éviter,v
650,arrête,n
651,bord,n
652,combien,adv
653,continuer,v
654,contraire,adj
655,courir,v
656,faute,n
657,final,adj
658,heureux,adj
659,impossible,adj
660,joueur,n
661,nécessaire,adj
662,paul,n
663,porter,v
664,samedi,n
665,sang,adj
666,style,n
667,sérieux,adj
668,terrain,n
669,église,n
670,comprend,n
671,créer,v
672,décision,n
673,défense,n
674,désormais,adv
675,frais,n
676,hôtel,adj
677,instant,n
678,majorité,n
679,modèle,n
680,obtenir,v
681,outre,prep
682,paix,n
683,rappell,adj
684,solution,n
685,tandis,adv
686,actuellement,adv
687,assemblée,n
688,band,adj
689,commencer,v
690,commun,adj
691,contrat,n
692,faux,adj
693,international,adj
694,note,n
695,suffire,v
696,total,n
697,tôt,adv
698,vol,n
699,élément,n
700,avenir,n
701,critique,adj
702,dehors,prep
703,directement,adv
704,discours,n
705,dur,adj
706,expliquer,v
707,fête,n
708,maître,n
709,personnel,adj
710,preuve,n
711,prison,n
712,proposer,v
713,vendredi,n
714,éducation,n
715,adresse,v
716,apprendre,v
717,attaque,n
718,avance,n
719,ceci,pron
720,court,adj
721,dos,n
722,endroit,v
723,essayer,v
724,exactement,adv
725,grave,adj
726,huit,num
727,lumière,n
728,média,n
729,régime,n
730,toutefois,adv
731,arrière,n
732,commerce,n
733,complètement,adv
734,faite,n
735,habitant,n
736,michel,n
737,montrer,v
738,physique,adj
739,quartier,adv
740,rendez,n
741,territoire,v
742,unique,adj
743,vent,adj
744,via,prep
745,vis,n
746,changement,n
747,concerner,v
748,cul,pron
749,européen,adj
750,lettre,n
751,lieux,adj
752,lyon,n
753,parole,n
754,principe,n
755,radio,n
756,relation,n
757,règle,n
758,table,n
759,vaut,n
760,édition,n
761,élection,n
762,analyse,n
763,assurer,v
764,carrière,n
765,chine,n
766,couleur,n
767,durée,n
768,erreur,n
769,espèce,v
770,faible,adj
771,large,adj
772,lundi,n
773,ministère,n
774,montréal,n
775,neuf,adj
776,objectif,n
777,pro,n
778,probablement,adv
779,respect,n
780,responsable,n
781,secteur,n
782,soutien,n
783,tomber,v
784,vacance,n
785,américaine,n
786,change,n
787,con,det
788,concours,n
789,couple,n
790,course,n
791,différence,n
792,décider,v
793,fonds,n
794,fou,v
795,gestion,n
796,juge,n
797,mètre,n
798,normal,adj
799,ouverture,n
800,poids,n
801,réussir,adv
802,servir,v
803,suivant,adj
804,taille,n
805,village,n
806,visite,n
807,absolument,adv
808,bref,adv
809,ciel,n
810,clair,adj
811,combat,n
812,comité,n
813,mémoire,n
814,ouvert,adj
815,protection,n
816,revenir,v
817,signe,n
818,suisse,adj
819,tenir,v
820,york,adj
821,album,adv
822,anti,adj
823,bah,pron
824,cinéma,n
825,crise,n
826,david,v
827,espagne,v
828,garder,v
829,généralement,adv
830,historique,adj
831,industrie,n
832,maladie,n
833,militaire,adj
834,mondial,adj
835,médecin,n
836,philippe,n
837,prend,n
838,russie,v
839,soi,det
840,tien,n
841,vote,n
842,écoute,n
843,île,adv
844,animal,n
845,application,n
846,banque,n
847,chanson,n
848,départemer,v
849,environnement,n
850,ferme,adj
851,macron,adv
852,maire,n
853,opération,n
854,parc,n
855,party,n
856,pleine,n
857,pose,n
858,seigneur,n
859,traitement,n
860,visage,n
861,véritable,adj
862,écrir,adj
863,avion,n
864,calme,n
865,chien,n
866,cool,adv
867,enquête,n
868,envoyer,v
869,facebook,n
870,italie,n
871,ligue,n
872,limite,n
873,parfaire,v
874,port,n
875,professeur,n
876,transport,n
877,vitesse,n
878,étranger,v
879,charle,adj
880,cheveux,adj
881,dollar,n
882,dossier,n
883,hiver,v
884,hôpital,n
885,importance,n
886,lutte,det
887,marine,n
888,ouvrir,v
889,pression,n
890,puissance,n
891,religion,n
892,stade,n
893,théâtre,n
894,volonter,v
895,élève,n
896,évolution,n
897,ador,adj
898,belgiqu,adj
899,camp,v
900,drôle,n
901,débat,n
902,john,n
903,oublier,v
904,pauvre,n
905,regard,n
906,représenter,v
907,rêve,n
908,science,n
909,souhaiter,v
910,touch,adj
911,travaill,adj
912,utilisation,n
913,voulai,n
914,étudiant,n
915,absence,n
916,amériqu,adj
917,angleterre,n
918,capable,adj
919,cité,n
920,client,n
921,connaissance,n
922,delà,adv
923,habitude,n
924,jacques,n
925,poser,v
926,principal,adj
927,royaume,n
928,russe,adj
929,référence,n
930,secret,n
931,tombe,n
932,totalement,adv
933,usage,n
934,week,n
935,émission,n
936,chaîne,n
937,chinois,adj
938,classique,adj
939,contact,n
940,dame,n
941,direct,adj
942,divers,adj
943,envers,n
944,expression,n
945,facilement,adv
946,fer,n
947,fil,adj
948,froid,adj
949,futur,adj
950,gaz,n
951,malade,adj
952,pareil,adj
953,priver,adj
954,procès,n
955,rapide,adj
956,réunion,n
957,révolution,n
958,tableau,n
959,tendance,n
960,vingt,num
961,atteindre,v
962,boulot,n
963,bébé,n
964,choisir,v
965,communication,n
966,côte,n
967,fasse,n
968,goût,n
969,humain,adj
970,londre,adj
971,parlement,n
972,peau,n
973,surface,n
974,uniquement,adv
975,vendre,v
976,victime,adj
977,épisode,n
978,évidemment,adv
979,aimerai,adj
980,allemand,adj
981,arrêt,n
982,avocat,n
983,bonheur,n
984,budget,n
985,caractère,n
986,compter,v
987,consommation,n
988,dedans,n
989,découvrir,v
990,enseignement,adv
991,hollande,n
992,lendemain,adv
993,magnifique,adj
994,mari,n
995,muser,v
996,populaire,adj
997,prince,n
998,province,n
999,rentrer,v
1000,ressource,n
1001,retraite,n
1002,sac,n
1003,secrétaire,n
1004,siège,n
1005,supérieur,n
1006,surprise,n
1007,acte,n
1008,bouche,n
1009,capacité,n
1010,centrale,n
1011,chaud,n
1012,contexte,n
1013,dessous,n
1014,extérieur,n
1015,gueul,adj
1016,hauteur,n
1017,naissance,n
1018,nicolas,n
1019,opposition,n
1020,processus,n
1021,rencontrer,v
1022,rire,adj
1023,réaliser,v
1024,salut,v
1025,seconde,n
1026,sœur,v
1027,utilis,adj
1028,vin,adv
1029,actuel,adj
1030,approche,n
1031,candidat,n
1032,capitaine,n
1033,capital,adj
1034,croit,n
1035,désolé,n
1036,faveur,n
1037,front,v
1038,marseill,adj
1039,mérite,n
1040,noël,adv
1041,papier,n
1042,présenter,v
1043,prévoir,v
1044,tribunal,n
1045,téler,v
1046,accident,n
1047,courage,n
1048,etre,n
1049,festival,n
1050,jeudi,n
1051,journaliste,n
1052,meme,n
1053,nul,adj
1054,perte,n
1055,possibilité,n
1056,riche,adj
1057,tuer,v
1058,unité,n
1059,établissement,n
1060,anniversaire,n
1061,bruxelle,adj
1062,café,n
1063,chat,n
1064,chiffre,n
1065,coin,n
1066,identité,n
1067,intéressant,adj
1068,lance,n
1069,largement,adv
1070,martin,adj
1071,mets,n
1072,moindre,adj
1073,parcours,n
1074,parfaitement,adv
1075,partage,n
1076,pont,n
1077,protéger,v
1078,préférer,v
1079,remettre,v
1080,responsabiliter,v
1081,scientifique,adj
1082,tirer,v
1083,violence,n
1084,voire,conj
1085,élevé,adj
1086,aimer,v
1087,attend,n
1088,beauté,n
1089,bleu,v
1090,champ,adj
1091,conférence,n
1092,cuisine,n
1093,danger,v
1094,député,n
1095,foi,n
1096,football,n
1097,googl,adj
1098,lycer,v
1099,mercredi,n
1100,milliard,n
1101,mourir,v
1102,opinion,n
1103,participer,v
1104,personnage,n
1105,planèt,adj
1106,québécois,num
1107,retard,n
1108,sexe,n
1109,situer,v
1110,théorie,n
1111,verre,n
1112,agence,n
1113,artiste,v
1114,assurance,n
1115,autorité,n
1116,bus,n
1117,certainement,adv
1118,citoyen,n
1119,clairement,adv
1120,collection,n
1121,conscience,n
1122,content,adv
1123,croissance,n
1124,célèbre,adj
1125,davantage,adv
1126,distance,n
1127,détail,n
1128,entier,adj
1129,exposition,n
1130,extrême,adj
1131,figurer,v
1132,imagine,n
1133,influence,n
1134,lecture,n
1135,maman,n
1136,masse,n
1137,moderne,adj
1138,mur,n
1139,néanmoins,adv
1140,propriétaire,n
1141,propriété,adj
1142,quitter,v
1143,quotidien,v
1144,soldat,n
1145,triste,adj
1146,twitter,v
1147,vert,n
1148,vide,n
1149,âme,adj
1150,échange,n
1151,élu,n
1152,énorme,adj
1153,événement,n
1154,bizarre,n
1155,catégorie,n
1156,commune,n
1157,contenu,n
1158,dommage,n
1159,découverte,n
1160,empire,v
1161,entièrement,adv
1162,espoir,n
1163,existence,n
1164,exploitation,n
1165,malheureusement,adv
1166,mardi,n
1167,prennent,n
1168,religieux,n
1169,rome,n
1170,réserv,adj
1171,section,n
1172,signifier,v
1173,spectacle,n
1174,algérie,n
1175,allon,n
1176,appareil,n
1177,britannique,adj
1178,charger,v
1179,château,n
1180,crédit,n
1181,don,v
1182,empêcher,v
1183,entretien,n
1184,gagne,n
1185,immédiatement,adv
1186,incroyable,adj
1187,jeunesse,n
1188,machine,n
1189,méthod,adj
1190,naturel,adj
1191,revue,n
1192,rose,adj
1193,régler,v
1194,salon,prep
1195,silence,n
1196,sympa,adj
1197,traiter,v
1198,univer,adj
1199,venez,n
1200,vice,n
1201,vision,n
1202,écran,n
1203,acteur,n
1204,augmentation,n
1205,bretagne,n
1206,bruit,n
1207,classemer,v
1208,conseiller,v
1209,docteur,n
1210,franchement,adv
1211,génération,n
1212,héros,n
1213,racont,adj
1214,rappeler,v
1215,reine,n
1216,rejoindre,v
1217,ressemble,n
1218,roman,v
1219,régulièrement,adv
1220,star,n
1221,structure,n
1222,tiers,adj
1223,écouter,v
1224,étape,n
1225,ajouter,v
1226,avantage,n
1227,bataille,n
1228,boîte,n
1229,certes,adv
1230,cheval,n
1231,conséquence,n
1232,dangereu,n
1233,danse,n
1234,document,n
1235,défendre,v
1236,exercice,n
1237,institut,adj
1238,intervention,n
1239,local,n
1240,logique,adj
1241,millier,n
1242,monter,v
1243,palais,n
1244,principalement,adv
1245,reprendre,v
1246,revoir,v
1247,robert,n
1248,récemment,adv
1249,sentiment,n
1250,soin,n
1251,statistique,adj
1252,statut,v
1253,sélection,n
1254,sûremer,v
1255,tente,n
1256,vivant,n
1257,baisse,n
1258,claude,n
1259,collège,n
1260,construire,v
1261,domicile,n
1262,effort,n
1263,employé,n
1264,examen,n
1265,max,prep
1266,moteur,n
1267,officiel,adj
1268,ouvrage,n
1269,partager,v
1270,participation,n
1271,patron,n
1272,posséder,v
1273,préparer,v
1274,réduction,n
1275,réel,adj
1276,réform,adj
1277,souvenir,v
1278,tenter,v
1279,utile,adj
1280,achat,n
1281,bordeaux,adj
1282,bâtiment,n
1283,cerveau,n
1284,civil,adj
1285,commentaire,n
1286,concept,v
1287,disposition,n
1288,fortement,adv
1289,indépendance,n
1290,japon,n
1291,justement,adv
1292,lancer,v
1293,matériel,n
1294,montant,n
1295,nation,n
1296,nommer,v
1297,paraître,v
1298,parle,n
1299,quatrième,adj
1300,quitte,conj
1301,réaction,n
1302,réduire,v
1303,sentir,v
1304,sourire,v
1305,tourner,v
1306,van,other
1307,alcool,n
1308,amie,n
1309,autrement,adv
1310,battr,adj
1311,coût,n
1312,disponible,adj
1313,fleur,n
1314,indique,v
1315,intention,n
1316,jardin,n
1317,lac,det
1318,marc,v
1319,obligé,n
1320,patrimoine,n
1321,phase,n
1322,rare,adj
1323,séance,n
1324,thomas,n
1325,urgence,n
1326,élever,v
1327,accepter,v
1328,agent,adv
1329,agriculture,n
1330,améliorer,v
1331,auto,n
1332,cancer,n
1333,championnat,n
1334,chasser,v
1335,complet,adj
1336,complexe,adj
1337,concert,n
1338,constitution,n
1339,déclaration,n
1340,développer,v
1341,forcément,n
1342,gérer,v
1343,heureusement,adv
1344,impact,n
1345,inscrire,v
1346,joie,v
1347,kilomètre,n
1348,laurent,adv
1349,lesquel,n
1350,michael,n
1351,métier,adv
1352,nez,n
1353,occupe,n
1354,profiter,v
1355,revanche,n
1356,sauver,v
1357,savai,adj
1358,scolaire,v
1359,spécial,adj
1360,troupe,adj
1361,télévision,n
1362,accueil,n
1363,bernard,n
1364,bordel,n
1365,cadeau,n
1366,cent,num
1367,colèr,adj
1368,conduire,v
1369,dormir,n
1370,dépendre,v
1371,excellent,adj
1372,foutr,adj
1373,hasard,n
1374,http,n
1375,jaune,det
1376,joli,v
1377,jésus,adv
1378,longueur,n
1379,minimum,adj
1380,musulman,prep
1381,numérique,adj
1382,phras,adj
1383,pointe,n
1384,professionnel,n
1385,proposition,n
1386,publication,n
1387,secours,n
1388,sommet,v
1389,us,prep
1390,électrique,adj
1391,œil,n
1392,ajout,adj
1393,arabe,adj
1394,augmenter,v
1395,bar,n
1396,blagu,adj
1397,champion,n
1398,chute,n
1399,compétition,n
1400,crim,adj
1401,croix,n
1402,description,n
1403,difficulté,n
1404,dépense,n
1405,efficace,adj
1406,fich,adj
1407,garçon,n
1408,interdire,v
1409,issue,n
1410,juif,adj
1411,mill,adj
1412,pain,n
1413,pensai,n
1414,pouvon,n
1415,repa,adj
1416,résistance,n
1417,soutenir,v
1418,terminer,v
1419,vêtement,n
1420,échelle,n
1421,appartenir,v
1422,aéroport,n
1423,canal,n
1424,chier,adv
1425,comte,n
1426,constituer,v
1427,contrairement,adv
1428,défaut,n
1429,enfance,n
1430,estime,v
1431,gare,v
1432,glace,n
1433,hommage,n
1434,humanité,n
1435,info,n
1436,intéresser,v
1437,logement,adv
1438,maximum,n
1439,nice,n
1440,pist,adj
1441,plage,n
1442,policier,n
1443,post,n
1444,procédure,n
1445,produire,v
1446,proximité,n
1447,préciser,v
1448,signer,v
1449,station,n
1450,stratégie,n
1451,tourn,adj
1452,volume,n
1453,égalité,n
1454,boire,v
1455,chômage,n
1456,cler,v
1457,comportement,n
1458,congrès,n
1459,demeure,n
1460,discussion,n
1461,distribution,n
1462,division,n
1463,définition,n
1464,mandat,n
1465,montagn,adj
1466,médecine,n
1467,net,adj
1468,nourriture,n
1469,pape,n
1470,phénomène,n
1471,précédent,adj
1472,refuser,v
1473,reprise,n
1474,représentant,n
1475,répondu,n
1476,sale,adj
1477,toulous,adj
1478,amoureux,pron
1479,appartement,n
1480,bateau,n
1481,bilan,n
1482,cabinet,n
1483,cap,n
1484,considérer,v
1485,disparu,n
1486,douleur,n
1487,décès,n
1488,démocratie,n
1489,espagnol,v
1490,faim,n
1491,formule,n
1492,ler,v
1493,lune,det
1494,marquer,v
1495,office,n
1496,peintur,adj
1497,printemps,n
1498,profit,n
1499,restaurer,v
1500,retourner,v
1501,seine,n
1502,température,n
1503,véhicule,n
1504,alain,n
1505,andré,n
1506,apporter,v
1507,balle,n
1508,barre,n
1509,bibliothèqu,adj
1510,climat,n
1511,conflit,n
1512,difficulter,v
1513,essentiel,n
1514,exception,n
1515,extrêmement,adv
1516,forêt,n
1517,frontièr,adj
1518,gratuit,n
1519,génie,n
1520,henri,n
1521,hont,adj
1522,invité,n
1523,islam,adj
1524,menacer,v
1525,mobile,adj
1526,occuper,v
1527,orange,n
1528,présentation,n
1529,présidentiel,adj
1530,quantité,n
1531,rac,adj
1532,reconnaître,v
1533,réellement,adv
1534,sarkozy,v
1535,thème,n
1536,usine,n
1537,vincent,n
1538,ambiance,n
1539,ann,adj
1540,annoncer,v
1541,aventure,n
1542,blesser,v
1543,central,adj
1544,contenir,v
1545,daniel,n
1546,dessin,v
1547,duc,prep
1548,déclarer,v
1549,défaite,n
1550,finance,n
1551,finit,adj
1552,fédération,n
1553,huile,n
1554,inquiet,adj
1555,israël,n
1556,jame,n
1557,littérature,n
1558,min,n
1559,métro,n
1560,oeuvre,n
1561,placer,v
1562,relativement,adv
1563,rivière,n
1564,rob,adj
1565,réalisation,n
1566,salaire,n
1567,soeur,n
1568,toucher,v
1569,traduction,n
1570,tranquille,n
1571,trente,num
1572,vérifier,v
1573,écriture,n
1574,épreuve,n
1575,étoile,n
1576,académie,n
1577,auparavant,adv
1578,black,v
1579,brésil,v
1580,chaleur,n
1581,commande,v
1582,commentair,adj
1583,concurrence,n
1584,conduite,n
1585,denis,n
1586,discuter,v
1587,doigt,n
1588,essaye,n
1589,fit,n
1590,fruit,n
1591,haine,n
1592,humour,n
1593,informatique,adj
1594,interne,adj
1595,légend,adj
1596,magasin,n
1597,mont,adj
1598,organiser,v
1599,parfait,adj
1600,pensent,n
1601,plaît,n
1602,rang,n
1603,recours,n
1604,réflexion,n
1605,tradition,n
1606,travailleur,n
1607,veille,n
1608,vif,adj
1609,épous,adj
1610,alliance,n
1611,apparemment,adv
1612,arbre,n
1613,aspect,n
1614,auquel,n
1615,bac,v
1616,composer,v
1617,conception,n
1618,engagement,n
1619,ennemi,n
1620,euh,prep
1621,fonctionner,v
1622,fonctionnement,n
1623,impôt,adj
1624,individu,n
1625,initiative,n
1626,inutile,adj
1627,investissement,n
1628,maintenir,v
1629,maroc,n
1630,papa,n
1631,passion,n
1632,profil,adj
1633,préparation,n
1634,record,n
1635,remplacer,v
1636,respecter,v
1637,richard,n
1638,royal,v
1639,serai,adj
1640,sérieusement,adv
1641,travaillé,n
1642,électricité,n
1643,apparaître,v
1644,avouer,v
1645,belge,adj
1646,blog,pron
1647,canadien,adj
1648,centaine,n
1649,chapitre,n
1650,circulation,n
1651,conversation,n
1652,correspondre,v
1653,coucher,v
1654,crée,n
1655,entend,n
1656,entraîneur,n
1657,essai,n
1658,financement,n
1659,gentil,adj
1660,institution,n
1661,japonais,adj
1662,jugemer,v
1663,marcher,v
1664,monnaie,n
1665,nante,n
1666,neige,n
1667,nucléaire,adj
1668,peter,v
1669,plui,adj
1670,pote,n
1671,primaire,adj
1672,promis,n
1673,reconnaissance,n
1674,rythme,n
1675,syrie,n
1676,taire,adj
1677,uni,n
1678,vélo,v
1679,échec,n
1680,amitier,v
1681,bain,adj
1682,construit,n
1683,dent,prep
1684,devon,n
1685,dirai,n
1686,doux,adj
1687,enceint,adj
1688,langage,n
1689,lill,adj
1690,légèrement,adv
1691,mange,n
1692,original,adj
1693,pen,adj
1694,perso,n
1695,philosophie,n
1696,plateau,n
1697,quasi,n
1698,récupérer,v
1699,réduit,n
1700,résidence,n
1701,salarier,adj
1702,talent,adv
1703,tourisme,n
1704,archive,n
1705,bravo,n
1706,commandant,n
1707,commercial,adj
1708,convention,n
1709,couche,n
1710,couvertur,adj
1711,dispose,n
1712,détest,adj
1713,empereur,n
1714,fier,n
1715,george,n
1716,italien,adj
1717,lever,v
1718,mini,n
1719,méthode,n
1720,option,n
1721,orient,adv
1722,patrick,n
1723,plante,n
1724,promotion,n
1725,précis,adj
1726,remarqu,adj
1727,règlement,n
1728,sacrer,v
1729,scénario,adj
1730,socialiste,adj
1731,surveillance,n
1732,tas,det
1733,technologie,n
1734,tort,n
1735,trou,adj
1736,venue,n
1737,voisin,adj
1738,voter,v
1739,affiche,n
1740,ajouté,conj
1741,apporte,n
1742,cache,n
1743,caisse,n
1744,casser,v
1745,collectif,adj
1746,compliqué,adj
1747,condamné,n
1748,consister,v
1749,couper,v
1750,effectivement,adv
1751,essentiellement,adv
1752,excus,adj
1753,exprimer,v
1754,fermer,v
1755,hausse,n
1756,judiciaire,adj
1757,libération,n
1758,mairie,n
1759,manuel,n
1760,one,n
1761,organisme,n
1762,personnalité,n
1763,princesse,n
1764,progrès,n
1765,prouver,v
1766,puisser,v
1767,retirer,v
1768,retourn,adj
1769,réfléchir,v
1770,résumé,n
1771,suffisamment,adv
1772,tire,v
1773,vaste,adj
1774,youtub,adj
1775,équilibre,n
1776,alexandre,v
1777,attente,n
1778,cercle,n
1779,cesse,n
1780,dette,n
1781,douze,n
1782,démocratique,adj
1783,fenêtre,n
1784,former,v
1785,fournir,v
1786,frappe,n
1787,grever,v
1788,ha,pron
1789,imaginer,v
1790,ind,adj
1791,jusqu,adj
1792,meurtre,n
1793,mélange,n
1794,normalement,adv
1795,ombre,n
1796,pilote,n
1797,plat,adj
1798,san,adv
1799,surpris,pron
1800,terrible,adj
1801,établir,v
1802,étage,n
1803,actualité,n
1804,agréable,adj
1805,asie,n
1806,avancer,v
1807,bienvenu,adj
1808,bête,n
1809,catholique,adj
1810,chaussure,adj
1811,chrétien,adj
1812,cibl,adj
1813,city,n
1814,décrire,v
1815,format,n
1816,génial,adj
1817,installer,v
1818,jambe,n
1819,lieutenant,n
1820,lier,v
1821,magazine,n
1822,olivier,n
1823,partenaire,v
1824,patient,n
1825,performance,n
1826,plainte,n
1827,portable,v
1828,portrait,n
1829,score,n
1830,sors,adv
1831,superbe,n
1832,tournoi,n
1833,vente,n
1834,viande,n
1835,vierge,n
1836,washington,n
1837,étrange,n
1838,antoine,n
1839,attitude,n
1840,batterie,n
1841,christ,n
1842,collaboration,n
1843,colonel,n
1844,commettre,v
1845,composition,n
1846,convaincre,v
1847,copine,n
1848,diffusion,n
1849,dirigeant,n
1850,emmanuel,n
1851,essence,n
1852,fondation,n
1853,guide,v
1854,immobilier,v
1855,impos,adj
1856,imposer,v
1857,invite,n
1858,jeter,v
1859,joseph,n
1860,nécessité,n
1861,officiellement,adv
1862,poisson,n
1863,représentation,n
1864,spécialiste,adj
1865,stage,n
1866,suppose,n
1867,tom,other
1868,évident,n
1869,acquérir,v
1870,actif,adj
1871,allai,n
1872,automne,v
1873,bloc,n
1874,chocolat,n
1875,collègue,n
1876,confirmer,v
1877,extraire,v
1878,financier,adj
1879,fixe,v
1880,foul,adj
1881,fédéral,adj
1882,gay,n
1883,grèce,v
1884,guillaume,n
1885,immense,n
1886,immeuble,n
1887,interview,adj
1888,inverse,n
1889,lol,n
1890,léger,adj
1891,ordinateur,n
1892,os,n
1893,outil,n
1894,pouvai,adj
1895,précisément,adv
1896,pub,pron
1897,pêche,n
1898,rarement,adv
1899,recette,n
1900,souci,n
1901,soumettre,v
1902,séjour,prep
1903,tax,adj
1904,transfert,adj
1905,turqui,adj
1906,vigueur,n
1907,voil,adj
1908,zéro,n
1909,apple,n
1910,billet,n
1911,calcul,n
1912,caractéristique,n
1913,choc,n
1914,disqu,adj
1915,décret,n
1916,désir,n
1917,déterminer,v
1918,enlever,v
1919,entraînement,n
1920,fabrication,n
1921,fermé,adj
1922,georges,n
1923,harry,adj
1924,lourd,n
1925,mener,v
1926,micro,n
1927,moral,adj
1928,obligation,n
1929,officier,n
1930,poch,adj
1931,prénom,n
1932,rock,n
1933,solide,n
1934,tentativ,adj
1935,vallée,n
1936,égard,n
1937,agricole,adj
1938,appliquer,v
1939,attaquer,v
1940,autorisation,n
1941,circuit,n
1942,déjeuner,v
1943,délai,n
1944,efficacité,n
1945,employer,v
1946,expert,n
1947,feuille,adj
1948,idéal,adj
1949,intelligence,n
1950,loir,adj
1951,luc,adv
1952,mention,adj
1953,née,n
1954,paus,adj
1955,quart,n
1956,ridicule,adj
1957,réputation,n
1958,secondaire,adj
1959,studio,adj
1960,sucr,adj
1961,sénat,n
1962,trafic,n
1963,utilisateur,n
1964,électeur,n
1965,étudier,v
1966,affirmer,v
1967,angle,v
1968,appui,v
1969,aura,n
1970,berlin,n
1971,big,n
1972,bièr,adj
1973,cacher,v
1974,compétence,n
1975,coupable,adj
1976,culturel,n
1977,cérémonie,n
1978,debout,adv
1979,disai,adj
1980,drogu,adj
1981,détruire,v
1982,enfer,n
1983,frontière,n
1984,gardien,n
1985,genèv,adj
1986,geste,v
1987,jack,adj
1988,juger,v
1989,majeur,adj
1990,notion,n
1991,pardon,adj
1992,poursuivre,v
1993,pouss,adj
1994,raconter,v
1995,relève,n
1996,régner,v
1997,récit,n
1998,sommeil,n
1999,suicid,adj
2000,trace,n
2001,tâche,n
2002,ultra,adj
2003,accueillir,v
2004,alpe,adj
2005,associer,v
2006,atelier,adj
2007,automobile,adj
2008,charte,n
2009,christian,n
2010,cinquième,v
2011,circonstance,n
2012,communauter,v
2013,conserver,v
2014,définitivement,adv
2015,démarch,adj
2016,foot,n
2017,gouverneur,n
2018,gratuitement,n
2019,incendie,n
2020,interprétation,n
2021,journer,v
2022,julien,n
2023,juridique,adj
2024,leader,v
2025,luxe,n
2026,manifestation,n
2027,marque,n
2028,multiple,adj
2029,municipal,adj
2030,noter,v
2031,particulière,n
2032,pler,v
2033,positif,adj
2034,procureur,n
2035,prof,adv
2036,pré,conj
2037,pétrole,n
2038,repose,v
2039,show,n
2040,simon,det
2041,strasbourg,n
2042,traite,n
2043,vague,n
2044,abus,n
2045,aise,v
2046,bat,n
2047,commissaire,n
2048,convient,n
2049,coopération,n
2050,degré,prep
2051,drapeau,n
2052,eric,n
2053,franc,adj
2054,fuite,n
2055,gamme,n
2056,inviter,v
2057,lunette,n
2058,moscou,n
2059,news,other
2060,obligatoire,adj
2061,paradis,n
2062,potentiel,n
2063,pousser,v
2064,remarquer,v
2065,repos,n
2066,sec,adv
2067,sondage,n
2068,standard,adj
2069,trésor,adj
2070,électronique,adj
2071,évidence,n
2072,alerte,n
2073,architecture,v
2074,baiser,v
2075,bours,adj
2076,comparaison,n
2077,connerie,n
2078,coûter,v
2079,crime,n
2080,cycle,n
2081,destination,n
2082,douche,n
2083,explication,n
2084,exécution,n
2085,fonctionnaire,n
2086,franco,adj
2087,henry,v
2088,inscription,n
2089,lèvre,n
2090,madrid,n
2091,mail,n
2092,offre,n
2093,oiseau,n
2094,oreille,n
2095,paiement,n
2096,parisien,adj
2097,profondeur,n
2098,publicité,n
2099,queue,n
2100,quinze,num
2101,régional,adj
2102,résoudre,v
2103,réussite,v
2104,sexy,adj
2105,souris,adj
2106,sûre,n
2107,termine,n
2108,tir,v
2109,tonne,n
2110,traduire,adj
2111,témoin,n
2112,échapper,v
2113,achèt,adj
2114,adulte,n
2115,alimentation,n
2116,apparition,n
2117,armée,n
2118,arrondissement,n
2119,artistique,adj
2120,ballon,n
2121,bio,adj
2122,branche,n
2123,caméra,n
2124,chercheur,n
2125,conclusion,n
2126,contrôler,v
2127,corse,n
2128,couronn,adj
2129,curieux,adj
2130,dialogue,n
2131,dispositif,adj
2132,engager,v
2133,eter,v
2134,facteur,n
2135,fameux,adj
2136,fillon,adv
2137,grec,adj
2138,habiter,v
2139,ingénieur,n
2140,laboratoir,adj
2141,lancement,adv
2142,larme,n
2143,libéral,adj
2144,liquide,adj
2145,lot,n
2146,lutter,v
2147,manquer,v
2148,montpellier,n
2149,médicament,n
2150,olympique,adj
2151,paie,n
2152,prime,adj
2153,prévenir,v
2154,pur,adj
2155,remplir,v
2156,rupture,n
2157,ski,prep
2158,solidarité,n
2159,sombre,n
2160,supporter,v
2161,supprimer,v
2162,temple,n
2163,transition,n
2164,voyon,n
2165,amélioration,n
2166,ange,n
2167,augment,adj
2168,australi,adj
2169,bouger,adj
2170,bouteille,other
2171,catherine,n
2172,corer,v
2173,cou,n
2174,critère,n
2175,croyez,n
2176,destiner,v
2177,dison,n
2178,dizaine,n
2179,développé,adj
2180,favorable,adj
2181,feuill,adj
2182,fortun,adj
2183,horreur,n
2184,indiquer,v
2185,introduction,n
2186,jure,n
2187,manche,n
2188,miss,v
2189,montage,n
2190,montagne,n
2191,morceau,n
2192,morceal,adj
2193,navire,v
2194,océan,n
2195,perspectif,adj
2196,piscine,n
2197,présidence,n
2198,rappel,n
2199,rapporte,n
2200,revien,adj
2201,résolution,n
2202,signature,n
2203,street,v
2204,symbole,n
2205,tension,n
2206,thèse,n
2207,trouble,n
2208,ventre,n
2209,virus,n
2210,voler,v
2211,écrivain,adv
2212,équivaloir,v
2213,abri,v
2214,accompagner,v
2215,accuser,v
2216,adopter,prep
2217,business,n
2218,cellule,n
2219,christophe,n
2220,combattre,v
2221,coter,v
2222,couvert,n
2223,culte,n
2224,digne,adj
2225,disparition,n
2226,dépôt,n
2227,fidèle,n
2228,hâter,v
2229,industriel,adj
2230,installation,n
2231,intégration,n
2232,job,v
2233,jury,n
2234,lis,n
2235,los,det
2236,lâche,n
2237,médaill,adj
2238,ménage,n
2239,odeur,n
2240,participe,n
2241,pitier,v
2242,portugal,adv
2243,poésie,v
2244,priorité,n
2245,probable,adj
2246,ramener,v
2247,refus,n
2248,richesse,n
2249,révèle,n
2250,sensible,adj
2251,souffle,n
2252,totalité,n
2253,trump,n
2254,vise,n
2255,aimez,n
2256,arc,n
2257,balance,n
2258,blessé,adj
2259,charlie,v
2260,comédie,n
2261,corruption,n
2262,crémer,v
2263,degrer,v
2264,extension,n
2265,folie,v
2266,forum,n
2267,féminin,n
2268,garantie,n
2269,honnête,n
2270,hypothèse,n
2271,indépender,v
2272,licence,n
2273,mexiqu,adj
2274,naturellement,adv
2275,norme,n
2276,parallèle,n
2277,profondément,adv
2278,précision,n
2279,prêtre,n
2280,rater,v
2281,regretter,v
2282,renne,adj
2283,roy,adv
2284,sexuel,adj
2285,sportif,adj
2286,spécialemer,v
2287,spécifique,adj
2288,toit,n
2289,yve,n
2290,écart,n
2291,anglaise,n
2292,appliqu,adj
2293,asseoir,v
2294,battu,adj
2295,chronique,n
2296,conner,v
2297,contribution,n
2298,copie,n
2299,destruction,n
2300,diplôme,n
2301,enregistremer,v
2302,envoi,v
2303,espérer,v
2304,extraordinaire,adj
2305,faibler,v
2306,fonder,v
2307,foyer,n
2308,frappé,n
2309,guy,n
2310,horrible,n
2311,humeur,n
2312,immigration,n
2313,inconnu,v
2314,innovation,n
2315,jouent,n
2316,littéraire,adj
2317,magique,adj
2318,maintien,adj
2319,marrant,n
2320,maîtris,adj
2321,mécanique,n
2322,participant,n
2323,permettra,n
2324,pute,n
2325,remonter,v
2326,renseignement,n
2327,restauration,n
2328,romain,conj
2329,réalise,n
2330,sable,adj
2331,sarah,n
2332,sel,det
2333,supplémentaire,adj
2334,suprême,adj
2335,syndicat,n
2336,toil,adj
2337,transformation,n
2338,témoignage,n
2339,vainqueur,n
2340,énormément,adv
2341,évaluation,n
2342,évêqu,adj
2343,abandonner,v
2344,adaptation,n
2345,adjoint,n
2346,alex,n
2347,avenue,v
2348,axe,n
2349,boite,n
2350,calendrier,n
2351,champagne,v
2352,consacrer,v
2353,concevoir,v
2354,cousin,det
2355,drame,n
2356,durable,adj
2357,dynamique,n
2358,déplacement,n
2359,fermeture,n
2360,fondateur,n
2361,frank,adj
2362,future,n
2363,galerie,n
2364,indic,adj
2365,interdiction,n
2366,iran,n
2367,major,n
2368,mine,n
2369,nécessairement,adv
2370,pascal,n
2371,pis,n
2372,plaqu,adj
2373,pop,n
2374,profond,adj
2375,refaire,n
2376,réalisateur,n
2377,rédaction,n
2378,sauvage,n
2379,seuil,n
2380,solo,v
2381,visible,adj
2382,visiter,v
2383,voyant,adv
2384,accent,adv
2385,animation,n
2386,attirer,v
2387,bassin,adj
2388,baser,v
2389,boutique,n
2390,canon,n
2391,carré,n
2392,carrémer,v
2393,chapeau,n
2394,chris,n
2395,col,v
2396,courrier,n
2397,créée,n
2398,destin,n
2399,diversité,n
2400,déchet,n
2401,dépasse,n
2402,foutre,adv
2403,frédéric,v
2404,hyper,v
2405,intermédiaire,n
2406,logiciel,adv
2407,loup,adv
2408,marge,n
2409,maurice,n
2410,monaco,adj
2411,médical,adj
2412,oncle,n
2413,parlementaire,n
2414,personnellement,adv
2415,poète,adj
2416,rend,n
2417,réfugié,adj
2418,stress,n
2419,utilisent,n
2420,viser,v
2421,voulon,n
2422,équipemer,v
2423,accéder,v
2424,aill,adj
2425,allié,adj
2426,apprentissage,n
2427,assistance,n
2428,atmosphère,n
2429,attentat,n
2430,barcelone,n
2431,bombe,n
2432,cadeal,adj
2433,charme,n
2434,citer,v
2435,com,det
2436,comporte,v
2437,copain,n
2438,dimension,n
2439,dingue,n
2440,discipline,n
2441,défi,n
2442,effectuer,v
2443,gagnant,adv
2444,hey,det
2445,identifier,v
2446,intelliger,v
2447,justifier,v
2448,kim,n
2449,leçon,adv
2450,limiter,v
2451,mac,n
2452,maria,n
2453,marre,n
2454,mystère,n
2455,méchant,adj
2456,opposer,v
2457,orientation,n
2458,paquet,n
2459,passe,n
2460,paysage,n
2461,piste,n
2462,pleurer,v
2463,prisonnier,n
2464,provence,n
2465,pôle,n
2466,quasiment,adv
2467,red,det
2468,remont,adj
2469,retraire,v
2470,roger,n
2471,réception,n
2472,victor,n
2473,visiteur,n
2474,amende,n
2475,amener,v
2476,aménagement,adv
2477,atlantique,adj
2478,atteinte,n
2479,autonomie,n
2480,autoroute,n
2481,campagner,v
2482,chanter,v
2483,chanteur,n
2484,chevalier,adj
2485,communiquer,adj
2486,constater,v
2487,continent,n
2488,diable,n
2489,dirige,n
2490,dise,n
2491,disparaître,n
2492,département,n
2493,ferai,adj
2494,free,other
2495,fusion,n
2496,gris,v
2497,lecteur,n
2498,luxembourg,n
2499,marin,adj
2500,matériau,n
2501,militant,n
2502,motif,n
2503,métal,adj
2504,météo,n
2505,ouvrier,n
2506,pauvreter,v
2507,possession,n
2508,pratiquemer,v
2509,provenir,v
2510,remplacement,n
2511,remporter,v
2512,retenir,v
2513,répartition,n
2514,sach,adj
2515,scandale,n
2516,sncf,n
2517,suède,n
2518,taper,v
2519,terrorisme,n
2520,terroriste,adj
2521,thé,pron
2522,titulaire,n
2523,tunisie,n
2524,video,n
2525,vivement,adv
2526,équipage,n
2527,absolu,adj
2528,adam,v
2529,adversair,adj
2530,albert,n
2531,apre,n
2532,audience,n
2533,autriche,v
2534,censé,adj
2535,comprennent,n
2536,conséquent,n
2537,design,n
2538,documentaire,adj
2539,enregistrer,v
2540,explosion,n
2541,fac,n
2542,faculté,n
2543,faisai,n
2544,fiscal,adj
2545,gorge,n
2546,ignorer,adv
2547,indispensable,adj
2548,investir,v
2549,joyeux,n
2550,magie,n
2551,modifier,v
2552,nettement,adv
2553,open,adj
2554,ordinaire,adj
2555,pair,adj
2556,pologne,v
2557,poursuite,n
2558,prit,n
2559,promesse,n
2560,registre,adv
2561,relatif,adj
2562,serez,n
2563,sortant,adv
2564,souffrir,v
2565,suivez,n
2566,suppression,n
2567,tournage,n
2568,transformer,v
2569,trompe,n
2570,val,n
2571,voiler,n
2572,voyageur,adj
2573,émotion,n
2574,alimentaire,adj
2575,annuel,adj
2576,apparence,n
2577,autrefoi,n
2578,bill,n
2579,bob,n
2580,bruno,adj
2581,bénéfice,n
2582,chaîner,v
2583,clinique,adj
2584,communiste,adj
2585,concentration,n
2586,couteau,n
2587,doucement,adv
2588,dérange,n
2589,fleuve,v
2590,gras,adj
2591,gérard,n
2592,hockey,n
2593,instrument,n
2594,intervenir,v
2595,intégrer,v
2596,intérieure,n
2597,liaison,n
2598,limité,adj
2599,marketing,adj
2600,migrant,n
2601,miroir,v
2602,nu,adv
2603,organis,adj
2604,partenariat,adv
2605,plateform,adj
2606,procédé,n
2607,préfecture,n
2608,préfet,n
2609,renforcer,v
2610,renaître,v
2611,respecte,n
2612,rhône,v
2613,référendum,adj
2614,réserver,v
2615,sensation,n
2616,support,n
2617,séparation,n
2618,verte,n
2619,écrite,n
2620,étonnant,adj
2621,acquisition,n
2622,africain,adj
2623,amateur,adj
2624,apprécier,v
2625,attendai,adj
2626,bouge,n
2627,couvre,n
2628,dominique,n
2629,désert,v
2630,déçu,n
2631,enjeu,n
2632,enseigne,n
2633,feux,adj
2634,frapper,v
2635,gille,adj
2636,gloir,adj
2637,héritage,n
2638,impliquer,v
2639,inférieur,adj
2640,instruction,n
2641,julie,n
2642,jus,n
2643,kevin,n
2644,latin,n
2645,livraison,n
2646,maillot,n
2647,mario,n
2648,mark,n
2649,moto,n
2650,onze,num
2651,plastique,adj
2652,plate,n
2653,privé,adj
2654,prière,n
2655,producteur,n
2656,profession,n
2657,profonde,n
2658,pseudo,n
2659,recrutemer,v
2660,répond,n
2661,réuni,n
2662,salope,n
2663,sauter,v
2664,signal,adj
2665,thierry,adj
2666,toilette,n
2667,tony,n
2668,unie,n
2669,viller,v
2670,volant,adj
2671,ère,n
2672,éditeur,n
2673,accessible,n
2674,age,pron
2675,ali,adv
2676,ambassadeur,n
2677,autoriser,v
2678,carbone,n
2679,chantier,n
2680,chapelle,n
2681,comparer,v
2682,connard,adv
2683,conservateur,n
2684,descendre,v
2685,dira,n
2686,duo,v
2687,entraîne,n
2688,estimer,v
2689,exclusivement,adv
2690,familial,adj
2691,fixer,v
2692,flic,adj
2693,forcé,n
2694,gamin,adj
2695,global,adj
2696,hop,prep
2697,horizon,v
2698,hésiter,det
2699,inspirer,v
2700,intituler,v
2701,iphon,adj
2702,joe,n
2703,maritime,adj
2704,mignon,adv
2705,nan,pron
2706,normandie,n
2707,négociation,n
2708,précieux,adj
2709,quelconque,adj
2710,rayon,n
2711,saisir,v
2712,similaire,adj
2713,steve,n
2714,subir,v
2715,tester,v
2716,transmission,n
2717,universitaire,adj
2718,vertu,n
2719,wow,prep
2720,écri,adj
2721,équipement,n
2722,évoqu,adj
2723,accompagn,adj
2724,adoption,n
2725,apprécie,n
2726,assister,v
2727,aveugle,v
2728,baisser,v
2729,best,n
2730,beurre,n
2731,biais,n
2732,blessure,n
2733,boucle,n
2734,bulletin,n
2735,candidature,n
2736,catalogu,adj
2737,chant,adj
2738,coach,prep
2739,consommateur,n
2740,diriger,v
2741,dîner,v
2742,excuse,n
2743,favoriser,v
2744,fiction,n
2745,financer,v
2746,fine,n
2747,flotte,n
2748,forcer,v
2749,fromage,n
2750,guère,n
2751,incapable,adj
2752,inter,v
2753,issu,adj
2754,jette,n
2755,laissent,n
2756,lion,n
2757,marier,adj
2758,masque,n
2759,massif,n
2760,mentionner,v
2761,milan,pron
2762,monté,n
2763,nomination,n
2764,observer,v
2765,occupation,n
2766,opéra,n
2767,ose,n
2768,partisan,n
2769,peintre,v
2770,personnelle,n
2771,pot,n
2772,racisme,n
2773,remerci,adj
2774,récent,adj
2775,répéter,v
2776,sage,n
2777,savon,n
2778,session,n
2779,sophie,n
2780,sorte,adj
2781,souffrance,n
2782,tarif,adj
2783,tempête,n
2784,tennis,n
2785,violer,v
2786,abbé,n
2787,acier,v
2788,adapter,v
2789,angele,adj
2790,argument,n
2791,automatique,adj
2792,cardinal,adj
2793,chaude,n
2794,consulter,v
2795,définir,v
2796,enseignant,n
2797,exemplaire,adj
2798,fantastique,adj
2799,game,n
2800,géant,adj
2801,indépendant,adj
2802,islamique,adj
2803,légitime,n
2804,mensong,adj
2805,mike,n
2806,ontario,v
2807,orléan,n
2808,out,adv
2809,précédemment,adv
2810,prévention,n
2811,real,n
2812,reportage,n
2813,rio,n
2814,sera,n
2815,solaire,adj
2816,sortie,n
2817,sénateur,n
2818,tapis,n
2819,taxe,adj
2820,viol,n
2821,accueille,n
2822,affronter,v
2823,aile,n
2824,alsac,adj
2825,arbitre,n
2826,arthur,v
2827,bande,n
2828,banlieue,n
2829,bonus,v
2830,bouffe,n
2831,camion,n
2832,ceinture,n
2833,charbon,adj
2834,conseill,adj
2835,couvrir,v
2836,dan,det
2837,décéder,v
2838,déplacer,v
2839,déposer,v
2840,entraîner,v
2841,express,n
2842,flux,n
2843,fréquence,n
2844,ivoir,adj
2845,législatif,adj
2846,légume,n
2847,mineur,n
2848,minuit,n
2849,nationalité,n
2850,nourrir,v
2851,prendra,n
2852,progressivement,n
2853,prévoit,adj
2854,reler,v
2855,relever,v
2856,rond,adj
2857,situe,n
2858,succession,n
2859,ump,n
2860,vaisseau,n
2861,valls,n
2862,visiblement,adv
2863,volontaire,adj
2864,voyager,v
2865,william,n
2866,administratif,adj
2867,admettre,v
2868,argentine,n
2869,bateal,adj
2870,bijou,n
2871,boulevard,v
2872,bénéficier,v
2873,casqu,adj
2874,chaise,det
2875,commandement,adv
2876,conducteur,n
2877,conservation,n
2878,couille,n
2879,douceur,n
2880,décennie,n
2881,emplacement,n
2882,exact,n
2883,exécutif,adj
2884,four,adv
2885,foutu,adj
2886,francophone,n
2887,haha,adj
2888,https,adv
2889,inscrit,n
2890,inspiration,n
2891,king,adj
2892,livrer,v
2893,menace,n
2894,métropole,n
2895,napoléon,adj
2896,observation,n
2897,onde,n
2898,pacifique,adj
2899,parer,v
2900,park,other
2901,patience,n
2902,piano,adj
2903,quarante,num
2904,quête,n
2905,riz,pron
2906,récompense,n
2907,réforme,n
2908,réserve,adj
2909,sauce,adj
2910,scrutin,n
2911,stable,adj
2912,suivie,n
2913,tabac,adv
2914,tim,adj
2915,tissu,n
2916,trône,n
2917,uniforme,n
2918,variété,adj
2919,windows,n
2920,world,n
2921,énergétique,adj
2922,éthique,adj
2923,alternatif,adj
2924,amène,n
2925,android,adj
2926,baie,n
2927,basket,n
2928,benoît,n
2929,bibl,adj
2930,californie,n
2931,carton,n
2932,chauffeur,n
2933,chimie,n
2934,cinquant,adj
2935,comté,adj
2936,congo,n
2937,correctement,adv
2938,diminuer,v
2939,distinction,n
2940,dégât,n
2941,dépasser,v
2942,excellence,n
2943,exceptionnel,adj
2944,exercer,v
2945,golf,n
2946,grenobl,adj
2947,habituellement,adv
2948,hugo,adj
2949,incident,adv
2950,irak,n
2951,jule,adj
2952,justin,n
2953,lentement,adv
2954,littéralement,adv
2955,légal,adj
2956,marcel,n
2957,mary,adj
2958,municipalité,n
2959,navigation,n
2960,norm,adj
2961,oblige,n
2962,occider,v
2963,onu,det
2964,opportunité,n
2965,parvenir,v
2966,passager,n
2967,photographe,n
2968,plaindre,v
2969,poitrine,n
2970,poudre,n
2971,prétexte,n
2972,qualifier,v
2973,raisonnable,adj
2974,rassemblement,n
2975,recueil,n
2976,remarquable,adj
2977,remercier,v
2978,respectivement,adv
2979,ressort,n
2980,riv,adj
2981,réagir,v
2982,sam,prep
2983,smith,v
2984,stupide,v
2985,symptôme,n
2986,tap,adj
2987,tenant,adj
2988,touriste,adj
2989,traverser,v
2990,tromper,v
2991,urbain,pron
2992,âgé,adj
2993,électoral,adj
2994,acide,n
2995,adversaire,adj
2996,agression,n
2997,attacher,v
2998,aussitôt,adv
2999,auxquels,pron
3000,bite,n
